constituent_name,weighting_sponsor,constituent_ticker,Sector,quantity_held,Fund Name,Ticker Symbol,as_of_date,isin,sedol,Stock Exchange,Trade Country Name,local_currency,local_price,market_value_held,Share Class,location
Apple Inc.,0.06732754,AAPL,Information Technology,169742220.0,SPDR® S&P 500® ETF Trust,S27,2022-11-11,,,,,,,,,
Microsoft Corporation,0.05486708,MSFT,Information Technology,83799320.0,SPDR® S&P 500® ETF Trust,S27,2022-11-11,,,,,,,,,
Amazon.com Inc.,0.0266016,AMZN,Consumer Discretionary,99611430.0,SPDR® S&P 500® ETF Trust,S27,2022-11-11,,,,,,,,,
Alphabet Inc. Class A,0.01721417,GOOGL,Communication Services,67388056.0,SPDR® S&P 500® ETF Trust,S27,2022-11-11,,,,,,,,,
Berkshire Hathaway Inc. Class B,0.016642090000000002,BRK.B,Financials,20279520.0,SPDR® S&P 500® ETF Trust,S27,2022-11-11,,,,,,,,,
Tesla Inc,0.01554321,TSLA,Consumer Discretionary,29934360.0,SPDR® S&P 500® ETF Trust,S27,2022-11-11,,,,,,,,,
Alphabet Inc. Class C,0.015444469999999998,GOOG,Communication Services,60260212.0,SPDR® S&P 500® ETF Trust,S27,2022-11-11,,,,,,,,,
UnitedHealth Group Incorporated,0.0145421,UNH,Health Care,10512570.0,SPDR® S&P 500® ETF Trust,S27,2022-11-11,,,,,,,,,
Exxon Mobil Corporation,0.01414187,XOM,Energy,46839410.0,SPDR® S&P 500® ETF Trust,S27,2022-11-11,,,,,,,,,
Johnson & Johnson,0.01325087,JNJ,Health Care,29548444.0,SPDR® S&P 500® ETF Trust,S27,2022-11-11,,,,,,,,,
NVIDIA Corporation,0.01217417,NVDA,Information Technology,28141808.0,SPDR® S&P 500® ETF Trust,S27,2022-11-11,,,,,,,,,
JPMorgan Chase & Co.,0.011815299999999999,JPM,Financials,32958366.0,SPDR® S&P 500® ETF Trust,S27,2022-11-11,,,,,,,,,
Procter & Gamble Company,0.01002884,PG,Consumer Staples,26849922.0,SPDR® S&P 500® ETF Trust,S27,2022-11-11,,,,,,,,,
Chevron Corporation,0.009999280000000001,CVX,Energy,20239604.0,SPDR® S&P 500® ETF Trust,S27,2022-11-11,,,,,,,,,
Visa Inc. Class A,0.00998079,V,Information Technology,18375114.0,SPDR® S&P 500® ETF Trust,S27,2022-11-11,,,,,,,,,
Home Depot Inc.,0.00963884,HD,Consumer Discretionary,11550897.0,SPDR® S&P 500® ETF Trust,S27,2022-11-11,,,,,,,,,
Mastercard Incorporated Class A,0.00862012,MA,Information Technology,9588736.0,SPDR® S&P 500® ETF Trust,S27,2022-11-11,,,,,,,,,
Eli Lilly and Company,0.00827358,LLY,Health Care,8863387.0,SPDR® S&P 500® ETF Trust,S27,2022-11-11,,,,,,,,,
Bank of America Corp,0.00799566,BAC,Financials,78564970.0,SPDR® S&P 500® ETF Trust,S27,2022-11-11,,,,,,,,,
Pfizer Inc.,0.00795509,PFE,Health Care,63074972.0,SPDR® S&P 500® ETF Trust,S27,2022-11-11,,,,,,,,,
AbbVie Inc.,0.00790593,ABBV,Health Care,19870896.0,SPDR® S&P 500® ETF Trust,S27,2022-11-11,,,,,,,,,
Meta Platforms Inc. Class A,0.00767564,META,Communication Services,25631752.0,SPDR® S&P 500® ETF Trust,S27,2022-11-11,,,,,,,,,
Merck & Co. Inc.,0.007389679999999999,MRK,Health Care,28470550.0,SPDR® S&P 500® ETF Trust,S27,2022-11-11,,,,,,,,,
PepsiCo Inc.,0.00731562,PEP,Consumer Staples,15507011.0,SPDR® S&P 500® ETF Trust,S27,2022-11-11,,,,,,,,,
Coca-Cola Company,0.0071091999999999995,KO,Consumer Staples,43755984.0,SPDR® S&P 500® ETF Trust,S27,2022-11-11,,,,,,,,,
Costco Wholesale Corporation,0.00679894,COST,Consumer Staples,4978020.0,SPDR® S&P 500® ETF Trust,S27,2022-11-11,,,,,,,,,
Thermo Fisher Scientific Inc.,0.00628459,TMO,Health Care,4403166.0,SPDR® S&P 500® ETF Trust,S27,2022-11-11,,,,,,,,,
Broadcom Inc.,0.0062288,AVGO,Information Technology,4537517.0,SPDR® S&P 500® ETF Trust,S27,2022-11-11,,,,,,,,,
Walmart Inc.,0.00605183,WMT,Consumer Staples,16019419.0,SPDR® S&P 500® ETF Trust,S27,2022-11-11,,,,,,,,,
McDonald's Corporation,0.00594441,MCD,Consumer Discretionary,8266728.0,SPDR® S&P 500® ETF Trust,S27,2022-11-11,,,,,,,,,
Cisco Systems Inc.,0.0055219,CSCO,Information Technology,46529292.0,SPDR® S&P 500® ETF Trust,S27,2022-11-11,,,,,,,,,
Accenture Plc Class A,0.00546064,ACN,Information Technology,7104441.0,SPDR® S&P 500® ETF Trust,S27,2022-11-11,,,,,,,,,
Abbott Laboratories,0.005426950000000001,ABT,Health Care,19677312.0,SPDR® S&P 500® ETF Trust,S27,2022-11-11,,,,,,,,,
Wells Fargo & Company,0.00536964,WFC,Financials,42620012.0,SPDR® S&P 500® ETF Trust,S27,2022-11-11,,,,,,,,,
Danaher Corporation,0.0052822400000000005,DHR,Health Care,7356434.0,SPDR® S&P 500® ETF Trust,S27,2022-11-11,,,,,,,,,
Walt Disney Company,0.0051578100000000005,DIS,Communication Services,20488712.0,SPDR® S&P 500® ETF Trust,S27,2022-11-11,,,,,,,,,
ConocoPhillips,0.0050771900000000005,COP,Energy,14304305.0,SPDR® S&P 500® ETF Trust,S27,2022-11-11,,,,,,,,,
Linde plc,0.00490542,LIN,Materials,5606500.0,SPDR® S&P 500® ETF Trust,S27,2022-11-11,,,,,,,,,
Texas Instruments Incorporated,0.0048887900000000005,TXN,Information Technology,10279681.0,SPDR® S&P 500® ETF Trust,S27,2022-11-11,,,,,,,,,
NextEra Energy Inc.,0.00487324,NEE,Utilities,22076984.0,SPDR® S&P 500® ETF Trust,S27,2022-11-11,,,,,,,,,
Bristol-Myers Squibb Company,0.00482884,BMY,Health Care,23992576.0,SPDR® S&P 500® ETF Trust,S27,2022-11-11,,,,,,,,,
Verizon Communications Inc.,0.00478878,VZ,Communication Services,47189464.0,SPDR® S&P 500® ETF Trust,S27,2022-11-11,,,,,,,,,
Adobe Incorporated,0.00475902,ADBE,Information Technology,5264915.0,SPDR® S&P 500® ETF Trust,S27,2022-11-11,,,,,,,,,
Salesforce Inc.,0.00467241,CRM,Information Technology,11180096.0,SPDR® S&P 500® ETF Trust,S27,2022-11-11,,,,,,,,,
Amgen Inc.,0.00454495,AMGN,Health Care,6018279.0,SPDR® S&P 500® ETF Trust,S27,2022-11-11,,,,,,,,,
Comcast Corporation Class A,0.00446589,CMCSA,Communication Services,49544212.0,SPDR® S&P 500® ETF Trust,S27,2022-11-11,,,,,,,,,
Philip Morris International Inc.,0.00436529,PM,Consumer Staples,17439658.0,SPDR® S&P 500® ETF Trust,S27,2022-11-11,,,,,,,,,
Honeywell International Inc.,0.00427197,HON,Industrials,7579118.0,SPDR® S&P 500® ETF Trust,S27,2022-11-11,,,,,,,,,
Raytheon Technologies Corporation,0.0041219,RTX,Industrials,16611508.0,SPDR® S&P 500® ETF Trust,S27,2022-11-11,,,,,,,,,
QUALCOMM Incorporated,0.00406494,QCOM,Information Technology,12634170.0,SPDR® S&P 500® ETF Trust,S27,2022-11-11,,,,,,,,,
Union Pacific Corporation,0.00404698,UNP,Industrials,7022483.0,SPDR® S&P 500® ETF Trust,S27,2022-11-11,,,,,,,,,
AT&T Inc.,0.00404241,T,Communication Services,80087430.0,SPDR® S&P 500® ETF Trust,S27,2022-11-11,,,,,,,,,
NIKE Inc. Class B,0.00399603,NKE,Consumer Discretionary,14215850.0,SPDR® S&P 500® ETF Trust,S27,2022-11-11,,,,,,,,,
Lowe's Companies Inc.,0.0039824,LOW,Consumer Discretionary,7190779.0,SPDR® S&P 500® ETF Trust,S27,2022-11-11,,,,,,,,,
Goldman Sachs Group Inc.,0.00391741,GS,Financials,3838532.0,SPDR® S&P 500® ETF Trust,S27,2022-11-11,,,,,,,,,
United Parcel Service Inc. Class B,0.00388249,UPS,Industrials,8223296.0,SPDR® S&P 500® ETF Trust,S27,2022-11-11,,,,,,,,,
International Business Machines Corporation,0.00385453,IBM,Information Technology,10161031.0,SPDR® S&P 500® ETF Trust,S27,2022-11-11,,,,,,,,,
Netflix Inc.,0.00384581,NFLX,Communication Services,5002813.0,SPDR® S&P 500® ETF Trust,S27,2022-11-11,,,,,,,,,
CVS Health Corporation,0.00381757,CVS,Health Care,14769930.0,SPDR® S&P 500® ETF Trust,S27,2022-11-11,,,,,,,,,
Intel Corporation,0.0037244899999999996,INTC,Information Technology,46193844.0,SPDR® S&P 500® ETF Trust,S27,2022-11-11,,,,,,,,,
Caterpillar Inc.,0.00372163,CAT,Industrials,5939355.0,SPDR® S&P 500® ETF Trust,S27,2022-11-11,,,,,,,,,
Morgan Stanley,0.00362369,MS,Financials,15065378.0,SPDR® S&P 500® ETF Trust,S27,2022-11-11,,,,,,,,,
S&P Global Inc.,0.0036176399999999997,SPGI,Financials,3833100.0,SPDR® S&P 500® ETF Trust,S27,2022-11-11,,,,,,,,,
Charles Schwab Corp,0.0035665799999999998,SCHW,Financials,17178148.0,SPDR® S&P 500® ETF Trust,S27,2022-11-11,,,,,,,,,
Oracle Corporation,0.0035201700000000004,ORCL,Information Technology,17089832.0,SPDR® S&P 500® ETF Trust,S27,2022-11-11,,,,,,,,,
Elevance Health Inc.,0.00351589,ELV,Health Care,2700561.0,SPDR® S&P 500® ETF Trust,S27,2022-11-11,,,,,,,,,
Advanced Micro Devices Inc.,0.00348465,AMD,Information Technology,18172698.0,SPDR® S&P 500® ETF Trust,S27,2022-11-11,,,,,,,,,
BlackRock Inc.,0.0034813699999999997,BLK,Financials,1695928.0,SPDR® S&P 500® ETF Trust,S27,2022-11-11,,,,,,,,,
Intuit Inc.,0.00342458,INTU,Information Technology,3167548.0,SPDR® S&P 500® ETF Trust,S27,2022-11-11,,,,,,,,,
Deere & Company,0.0033630300000000004,DE,Industrials,3126021.0,SPDR® S&P 500® ETF Trust,S27,2022-11-11,,,,,,,,,
Starbucks Corporation,0.0033203399999999997,SBUX,Consumer Discretionary,12868611.0,SPDR® S&P 500® ETF Trust,S27,2022-11-11,,,,,,,,,
Medtronic Plc,0.00330925,MDT,Health Care,14948665.0,SPDR® S&P 500® ETF Trust,S27,2022-11-11,,,,,,,,,
Lockheed Martin Corporation,0.0032589200000000002,LMT,Industrials,2651584.0,SPDR® S&P 500® ETF Trust,S27,2022-11-11,,,,,,,,,
Prologis Inc.,0.0031782,PLD,Real Estate,10328956.0,SPDR® S&P 500® ETF Trust,S27,2022-11-11,,,,,,,,,
PayPal Holdings Inc.,0.0031348500000000002,PYPL,Information Technology,12997243.0,SPDR® S&P 500® ETF Trust,S27,2022-11-11,,,,,,,,,
American Tower Corporation,0.00309865,AMT,Real Estate,5238181.0,SPDR® S&P 500® ETF Trust,S27,2022-11-11,,,,,,,,,
Automatic Data Processing Inc.,0.00308627,ADP,Information Technology,4673605.0,SPDR® S&P 500® ETF Trust,S27,2022-11-11,,,,,,,,,
Gilead Sciences Inc.,0.00305683,GILD,Health Care,14100356.0,SPDR® S&P 500® ETF Trust,S27,2022-11-11,,,,,,,,,
Boeing Company,0.00295338,BA,Industrials,6280060.0,SPDR® S&P 500® ETF Trust,S27,2022-11-11,,,,,,,,,
Citigroup Inc.,0.0028961900000000003,C,Financials,21778524.0,SPDR® S&P 500® ETF Trust,S27,2022-11-11,,,,,,,,,
Applied Materials Inc.,0.00286622,AMAT,Information Technology,9786982.0,SPDR® S&P 500® ETF Trust,S27,2022-11-11,,,,,,,,,
Intuitive Surgical Inc.,0.0028188099999999997,ISRG,Health Care,4013352.0,SPDR® S&P 500® ETF Trust,S27,2022-11-11,,,,,,,,,
General Electric Company,0.00281236,GE,Industrials,12297850.0,SPDR® S&P 500® ETF Trust,S27,2022-11-11,,,,,,,,,
American Express Company,0.00276939,AXP,Financials,6748061.0,SPDR® S&P 500® ETF Trust,S27,2022-11-11,,,,,,,,,
Cigna Corporation,0.00276349,CI,Health Care,3432899.0,SPDR® S&P 500® ETF Trust,S27,2022-11-11,,,,,,,,,
Mondelez International Inc. Class A,0.00264749,MDLZ,Consumer Staples,15419798.0,SPDR® S&P 500® ETF Trust,S27,2022-11-11,,,,,,,,,
T-Mobile US Inc.,0.0026232699999999996,TMUS,Communication Services,6772417.0,SPDR® S&P 500® ETF Trust,S27,2022-11-11,,,,,,,,,
TJX Companies Inc,0.00257912,TJX,Consumer Discretionary,13171838.0,SPDR® S&P 500® ETF Trust,S27,2022-11-11,,,,,,,,,
EOG Resources Inc.,0.0025698599999999998,EOG,Energy,6593059.0,SPDR® S&P 500® ETF Trust,S27,2022-11-11,,,,,,,,,
Chubb Limited,0.00256779,CB,Financials,4698546.0,SPDR® S&P 500® ETF Trust,S27,2022-11-11,,,,,,,,,
Analog Devices Inc.,0.00254263,ADI,Information Technology,5849230.0,SPDR® S&P 500® ETF Trust,S27,2022-11-11,,,,,,,,,
Marsh & McLennan Companies Inc.,0.00247785,MMC,Financials,5613316.0,SPDR® S&P 500® ETF Trust,S27,2022-11-11,,,,,,,,,
ServiceNow Inc.,0.00246855,NOW,Information Technology,2272856.0,SPDR® S&P 500® ETF Trust,S27,2022-11-11,,,,,,,,,
Target Corporation,0.0023958,TGT,Consumer Discretionary,5216990.0,SPDR® S&P 500® ETF Trust,S27,2022-11-11,,,,,,,,,
Booking Holdings Inc.,0.0023825,BKNG,Consumer Discretionary,446078.0,SPDR® S&P 500® ETF Trust,S27,2022-11-11,,,,,,,,,
Altria Group Inc,0.00238242,MO,Consumer Staples,20260484.0,SPDR® S&P 500® ETF Trust,S27,2022-11-11,,,,,,,,,
Regeneron Pharmaceuticals Inc.,0.0023458000000000003,REGN,Health Care,1205444.0,SPDR® S&P 500® ETF Trust,S27,2022-11-11,,,,,,,,,
Vertex Pharmaceuticals Incorporated,0.00231839,VRTX,Health Care,2885299.0,SPDR® S&P 500® ETF Trust,S27,2022-11-11,,,,,,,,,
SLB,0.002303,SLB,Energy,15855278.0,SPDR® S&P 500® ETF Trust,S27,2022-11-11,,,,,,,,,
Stryker Corporation,0.0022509699999999997,SYK,Health Care,3787726.0,SPDR® S&P 500® ETF Trust,S27,2022-11-11,,,,,,,,,
Progressive Corporation,0.00219398,PGR,Financials,6559789.0,SPDR® S&P 500® ETF Trust,S27,2022-11-11,,,,,,,,,
3M Company,0.00218761,MMM,Industrials,6208734.0,SPDR® S&P 500® ETF Trust,S27,2022-11-11,,,,,,,,,
Duke Energy Corporation,0.00217755,DUK,Utilities,8635479.0,SPDR® S&P 500® ETF Trust,S27,2022-11-11,,,,,,,,,
Northrop Grumman Corp.,0.00213356,NOC,Industrials,1634339.0,SPDR® S&P 500® ETF Trust,S27,2022-11-11,,,,,,,,,
Zoetis Inc. Class A,0.00207078,ZTS,Health Care,5261136.0,SPDR® S&P 500® ETF Trust,S27,2022-11-11,,,,,,,,,
Southern Company,0.00206255,SO,Utilities,11959385.0,SPDR® S&P 500® ETF Trust,S27,2022-11-11,,,,,,,,,
Micron Technology Inc.,0.00205618,MU,Information Technology,12412530.0,SPDR® S&P 500® ETF Trust,S27,2022-11-11,,,,,,,,,
Lam Research Corporation,0.0020446500000000003,LRCX,Information Technology,1540835.0,SPDR® S&P 500® ETF Trust,S27,2022-11-11,,,,,,,,,
CSX Corporation,0.00203864,CSX,Industrials,24089336.0,SPDR® S&P 500® ETF Trust,S27,2022-11-11,,,,,,,,,
PNC Financial Services Group Inc.,0.0020256,PNC,Financials,4612031.0,SPDR® S&P 500® ETF Trust,S27,2022-11-11,,,,,,,,,
Humana Inc.,0.0019868,HUM,Health Care,1418744.0,SPDR® S&P 500® ETF Trust,S27,2022-11-11,,,,,,,,,
Becton Dickinson and Company,0.00193553,BDX,Health Care,3208585.0,SPDR® S&P 500® ETF Trust,S27,2022-11-11,,,,,,,,,
Eaton Corp. Plc,0.0019186700000000001,ETN,Industrials,4481031.0,SPDR® S&P 500® ETF Trust,S27,2022-11-11,,,,,,,,,
Fiserv Inc.,0.00191552,FISV,Information Technology,7195650.0,SPDR® S&P 500® ETF Trust,S27,2022-11-11,,,,,,,,,
Illinois Tool Works Inc.,0.00190139,ITW,Industrials,3169249.0,SPDR® S&P 500® ETF Trust,S27,2022-11-11,,,,,,,,,
Air Products and Chemicals Inc.,0.00190099,APD,Materials,2487215.0,SPDR® S&P 500® ETF Trust,S27,2022-11-11,,,,,,,,,
Truist Financial Corporation,0.0018629299999999998,TFC,Financials,14877222.0,SPDR® S&P 500® ETF Trust,S27,2022-11-11,,,,,,,,,
Colgate-Palmolive Company,0.00185721,CL,Consumer Staples,9399729.0,SPDR® S&P 500® ETF Trust,S27,2022-11-11,,,,,,,,,
CME Group Inc. Class A,0.0018565699999999999,CME,Financials,4021213.0,SPDR® S&P 500® ETF Trust,S27,2022-11-11,,,,,,,,,
Aon Plc Class A,0.0018404200000000002,AON,Financials,2370652.0,SPDR® S&P 500® ETF Trust,S27,2022-11-11,,,,,,,,,
Pioneer Natural Resources Company,0.00181839,PXD,Energy,2684690.0,SPDR® S&P 500® ETF Trust,S27,2022-11-11,,,,,,,,,
U.S. Bancorp,0.0018104899999999999,USB,Financials,15211646.0,SPDR® S&P 500® ETF Trust,S27,2022-11-11,,,,,,,,,
Crown Castle Inc.,0.0018079200000000002,CCI,Real Estate,4857516.0,SPDR® S&P 500® ETF Trust,S27,2022-11-11,,,,,,,,,
Boston Scientific Corporation,0.0018066599999999999,BSX,Health Care,16036252.0,SPDR® S&P 500® ETF Trust,S27,2022-11-11,,,,,,,,,
Marathon Petroleum Corporation,0.00180194,MPC,Energy,5609813.0,SPDR® S&P 500® ETF Trust,S27,2022-11-11,,,,,,,,,
Equinix Inc.,0.00178703,EQIX,Real Estate,1020971.0,SPDR® S&P 500® ETF Trust,S27,2022-11-11,,,,,,,,,
General Motors Company,0.0017818,GM,Consumer Discretionary,16354075.0,SPDR® S&P 500® ETF Trust,S27,2022-11-11,,,,,,,,,
Waste Management Inc.,0.00177338,WM,Industrials,4231798.0,SPDR® S&P 500® ETF Trust,S27,2022-11-11,,,,,,,,,
Norfolk Southern Corporation,0.0017566,NSC,Industrials,2642254.0,SPDR® S&P 500® ETF Trust,S27,2022-11-11,,,,,,,,,
Intercontinental Exchange Inc.,0.00173485,ICE,Financials,6276434.0,SPDR® S&P 500® ETF Trust,S27,2022-11-11,,,,,,,,,
Moderna Inc.,0.00171679,MRNA,Health Care,3784719.0,SPDR® S&P 500® ETF Trust,S27,2022-11-11,,,,,,,,,
Ford Motor Company,0.00170704,F,Consumer Discretionary,44431830.0,SPDR® S&P 500® ETF Trust,S27,2022-11-11,,,,,,,,,
Emerson Electric Co.,0.00168451,EMR,Industrials,6661345.0,SPDR® S&P 500® ETF Trust,S27,2022-11-11,,,,,,,,,
Dollar General Corporation,0.0016837199999999999,DG,Consumer Discretionary,2550623.0,SPDR® S&P 500® ETF Trust,S27,2022-11-11,,,,,,,,,
Sherwin-Williams Company,0.0016681099999999998,SHW,Materials,2653725.0,SPDR® S&P 500® ETF Trust,S27,2022-11-11,,,,,,,,,
Occidental Petroleum Corporation,0.0016510700000000001,OXY,Energy,8383392.0,SPDR® S&P 500® ETF Trust,S27,2022-11-11,,,,,,,,,
General Dynamics Corporation,0.00162966,GD,Industrials,2529754.0,SPDR® S&P 500® ETF Trust,S27,2022-11-11,,,,,,,,,
Freeport-McMoRan Inc.,0.00162156,FCX,Materials,16088299.0,SPDR® S&P 500® ETF Trust,S27,2022-11-11,,,,,,,,,
KLA Corporation,0.00160713,KLAC,Information Technology,1595314.0,SPDR® S&P 500® ETF Trust,S27,2022-11-11,,,,,,,,,
Phillips 66,0.0015914,PSX,Energy,5396372.0,SPDR® S&P 500® ETF Trust,S27,2022-11-11,,,,,,,,,
Activision Blizzard Inc.,0.00157336,ATVI,Communication Services,8009314.0,SPDR® S&P 500® ETF Trust,S27,2022-11-11,,,,,,,,,
Valero Energy Corporation,0.00157322,VLO,Energy,4432333.0,SPDR® S&P 500® ETF Trust,S27,2022-11-11,,,,,,,,,
Estee Lauder Companies Inc. Class A,0.0015720999999999999,EL,Consumer Staples,2599825.0,SPDR® S&P 500® ETF Trust,S27,2022-11-11,,,,,,,,,
Archer-Daniels-Midland Company,0.00155611,ADM,Consumer Staples,6310277.0,SPDR® S&P 500® ETF Trust,S27,2022-11-11,,,,,,,,,
O'Reilly Automotive Inc.,0.00155038,ORLY,Consumer Discretionary,717432.0,SPDR® S&P 500® ETF Trust,S27,2022-11-11,,,,,,,,,
Dominion Energy Inc,0.00153021,D,Utilities,9366248.0,SPDR® S&P 500® ETF Trust,S27,2022-11-11,,,,,,,,,
McKesson Corporation,0.00152638,MCK,Health Care,1617249.0,SPDR® S&P 500® ETF Trust,S27,2022-11-11,,,,,,,,,
Synopsys Inc.,0.0015076500000000001,SNPS,Information Technology,1716982.0,SPDR® S&P 500® ETF Trust,S27,2022-11-11,,,,,,,,,
MetLife Inc.,0.0014877199999999999,MET,Financials,7537744.0,SPDR® S&P 500® ETF Trust,S27,2022-11-11,,,,,,,,,
Autodesk Inc.,0.0014799899999999998,ADSK,Information Technology,2441303.0,SPDR® S&P 500® ETF Trust,S27,2022-11-11,,,,,,,,,
Moody's Corporation,0.00145978,MCO,Financials,1775121.0,SPDR® S&P 500® ETF Trust,S27,2022-11-11,,,,,,,,,
Sempra Energy,0.0014444599999999998,SRE,Utilities,3525123.0,SPDR® S&P 500® ETF Trust,S27,2022-11-11,,,,,,,,,
HCA Healthcare Inc,0.00143817,HCA,Health Care,2422292.0,SPDR® S&P 500® ETF Trust,S27,2022-11-11,,,,,,,,,
Devon Energy Corporation,0.00140147,DVN,Energy,7366809.0,SPDR® S&P 500® ETF Trust,S27,2022-11-11,,,,,,,,,
Amphenol Corporation Class A,0.00140121,APH,Information Technology,6667117.0,SPDR® S&P 500® ETF Trust,S27,2022-11-11,,,,,,,,,
Centene Corporation,0.0013984,CNC,Health Care,6430829.0,SPDR® S&P 500® ETF Trust,S27,2022-11-11,,,,,,,,,
AutoZone Inc.,0.00139735,AZO,Consumer Discretionary,218922.0,SPDR® S&P 500® ETF Trust,S27,2022-11-11,,,,,,,,,
Public Storage,0.00139044,PSA,Real Estate,1777801.0,SPDR® S&P 500® ETF Trust,S27,2022-11-11,,,,,,,,,
Corteva Inc,0.00138604,CTVA,Materials,8076484.0,SPDR® S&P 500® ETF Trust,S27,2022-11-11,,,,,,,,,
Edwards Lifesciences Corporation,0.00138129,EW,Health Care,6983528.0,SPDR® S&P 500® ETF Trust,S27,2022-11-11,,,,,,,,,
Roper Technologies Inc.,0.0013799,ROP,Information Technology,1188050.0,SPDR® S&P 500® ETF Trust,S27,2022-11-11,,,,,,,,,
American Electric Power Company Inc.,0.0013733799999999998,AEP,Utilities,5760554.0,SPDR® S&P 500® ETF Trust,S27,2022-11-11,,,,,,,,,
General Mills Inc.,0.0013720499999999999,GIS,Consumer Staples,6703341.0,SPDR® S&P 500® ETF Trust,S27,2022-11-11,,,,,,,,,
American International Group Inc.,0.0013688300000000001,AIG,Financials,8554653.0,SPDR® S&P 500® ETF Trust,S27,2022-11-11,,,,,,,,,
Cadence Design Systems Inc.,0.00136351,CDNS,Information Technology,3083335.0,SPDR® S&P 500® ETF Trust,S27,2022-11-11,,,,,,,,,
Johnson Controls International plc,0.0013631499999999998,JCI,Industrials,7749228.0,SPDR® S&P 500® ETF Trust,S27,2022-11-11,,,,,,,,,
DexCom Inc.,0.00135281,DXCM,Health Care,4402998.0,SPDR® S&P 500® ETF Trust,S27,2022-11-11,,,,,,,,,
Marriott International Inc. Class A,0.00133853,MAR,Consumer Discretionary,3084500.0,SPDR® S&P 500® ETF Trust,S27,2022-11-11,,,,,,,,,
Capital One Financial Corp,0.00133008,COF,Financials,4318219.0,SPDR® S&P 500® ETF Trust,S27,2022-11-11,,,,,,,,,
NXP Semiconductors NV,0.00132902,NXPI,Information Technology,2951581.0,SPDR® S&P 500® ETF Trust,S27,2022-11-11,,,,,,,,,
Agilent Technologies Inc.,0.0013189200000000001,A,Health Care,3356353.0,SPDR® S&P 500® ETF Trust,S27,2022-11-11,,,,,,,,,
Charter Communications Inc. Class A,0.00130357,CHTR,Communication Services,1247428.0,SPDR® S&P 500® ETF Trust,S27,2022-11-11,,,,,,,,,
Travelers Companies Inc.,0.0012859100000000001,TRV,Financials,2670558.0,SPDR® S&P 500® ETF Trust,S27,2022-11-11,,,,,,,,,
Sysco Corporation,0.0012828800000000001,SYY,Consumer Staples,5731971.0,SPDR® S&P 500® ETF Trust,S27,2022-11-11,,,,,,,,,
Kimberly-Clark Corporation,0.0012826699999999999,KMB,Consumer Staples,3798331.0,SPDR® S&P 500® ETF Trust,S27,2022-11-11,,,,,,,,,
L3Harris Technologies Inc,0.0012807299999999999,LHX,Industrials,2150686.0,SPDR® S&P 500® ETF Trust,S27,2022-11-11,,,,,,,,,
IQVIA Holdings Inc,0.00125924,IQV,Health Care,2097979.0,SPDR® S&P 500® ETF Trust,S27,2022-11-11,,,,,,,,,
Biogen Inc.,0.00125053,BIIB,Health Care,1630565.0,SPDR® S&P 500® ETF Trust,S27,2022-11-11,,,,,,,,,
Chipotle Mexican Grill Inc.,0.00124517,CMG,Consumer Discretionary,311976.0,SPDR® S&P 500® ETF Trust,S27,2022-11-11,,,,,,,,,
Microchip Technology Incorporated,0.00124478,MCHP,Information Technology,6195403.0,SPDR® S&P 500® ETF Trust,S27,2022-11-11,,,,,,,,,
FedEx Corporation,0.00124477,FDX,Industrials,2675225.0,SPDR® S&P 500® ETF Trust,S27,2022-11-11,,,,,,,,,
Motorola Solutions Inc.,0.00124002,MSI,Information Technology,1875539.0,SPDR® S&P 500® ETF Trust,S27,2022-11-11,,,,,,,,,
Williams Companies Inc.,0.0012379,WMB,Energy,13708962.0,SPDR® S&P 500® ETF Trust,S27,2022-11-11,,,,,,,,,
MSCI Inc. Class A,0.0012339500000000002,MSCI,Financials,908932.0,SPDR® S&P 500® ETF Trust,S27,2022-11-11,,,,,,,,,
Prudential Financial Inc.,0.0012208,PRU,Financials,4180631.0,SPDR® S&P 500® ETF Trust,S27,2022-11-11,,,,,,,,,
Trane Technologies plc,0.00121821,TT,Industrials,2611151.0,SPDR® S&P 500® ETF Trust,S27,2022-11-11,,,,,,,,,
Aflac Incorporated,0.0012051,AFL,Financials,6469738.0,SPDR® S&P 500® ETF Trust,S27,2022-11-11,,,,,,,,,
Hess Corporation,0.0011988600000000002,HES,Energy,3108037.0,SPDR® S&P 500® ETF Trust,S27,2022-11-11,,,,,,,,,
Realty Income Corporation,0.00119626,O,Real Estate,6948079.0,SPDR® S&P 500® ETF Trust,S27,2022-11-11,,,,,,,,,
U.S. Dollar,0.00119454,CASH_USD,None,450837120.0,SPDR® S&P 500® ETF Trust,S27,2022-11-11,,,,,,,,,
Fidelity National Information Services Inc.,0.0011868199999999999,FIS,Information Technology,6849004.0,SPDR® S&P 500® ETF Trust,S27,2022-11-11,,,,,,,,,
TE Connectivity Ltd.,0.00118318,TEL,Information Technology,3598011.0,SPDR® S&P 500® ETF Trust,S27,2022-11-11,,,,,,,,,
Enphase Energy Inc.,0.00117894,ENPH,Information Technology,1523745.0,SPDR® S&P 500® ETF Trust,S27,2022-11-11,,,,,,,,,
Parker-Hannifin Corporation,0.00117609,PH,Industrials,1438489.0,SPDR® S&P 500® ETF Trust,S27,2022-11-11,,,,,,,,,
Constellation Brands Inc. Class A,0.00117292,STZ,Consumer Staples,1792216.0,SPDR® S&P 500® ETF Trust,S27,2022-11-11,,,,,,,,,
Simon Property Group Inc.,0.00116667,SPG,Real Estate,3663212.0,SPDR® S&P 500® ETF Trust,S27,2022-11-11,,,,,,,,,
Arthur J. Gallagher & Co.,0.0011664,AJG,Financials,2366760.0,SPDR® S&P 500® ETF Trust,S27,2022-11-11,,,,,,,,,
Exelon Corporation,0.00115617,EXC,Utilities,11157102.0,SPDR® S&P 500® ETF Trust,S27,2022-11-11,,,,,,,,,
Hilton Worldwide Holdings Inc,0.00114858,HLT,Consumer Discretionary,3082487.0,SPDR® S&P 500® ETF Trust,S27,2022-11-11,,,,,,,,,
Paychex Inc.,0.0011446499999999999,PAYX,Information Technology,3570010.0,SPDR® S&P 500® ETF Trust,S27,2022-11-11,,,,,,,,,
Ecolab Inc.,0.00114429,ECL,Materials,2774093.0,SPDR® S&P 500® ETF Trust,S27,2022-11-11,,,,,,,,,
Cintas Corporation,0.00113803,CTAS,Industrials,967667.0,SPDR® S&P 500® ETF Trust,S27,2022-11-11,,,,,,,,,
Dow Inc.,0.00113757,DOW,Materials,8079369.0,SPDR® S&P 500® ETF Trust,S27,2022-11-11,,,,,,,,,
Monster Beverage Corporation,0.00112501,MNST,Consumer Staples,4327319.0,SPDR® S&P 500® ETF Trust,S27,2022-11-11,,,,,,,,,
Albemarle Corporation,0.00112387,ALB,Materials,1303600.0,SPDR® S&P 500® ETF Trust,S27,2022-11-11,,,,,,,,,
Illumina Inc.,0.00112299,ILMN,Health Care,1746036.0,SPDR® S&P 500® ETF Trust,S27,2022-11-11,,,,,,,,,
Carrier Global Corp.,0.001115,CARR,Industrials,9469312.0,SPDR® S&P 500® ETF Trust,S27,2022-11-11,,,,,,,,,
Kinder Morgan Inc Class P,0.00110456,KMI,Energy,22304824.0,SPDR® S&P 500® ETF Trust,S27,2022-11-11,,,,,,,,,
Newmont Corporation,0.0010982,NEM,Materials,8907706.0,SPDR® S&P 500® ETF Trust,S27,2022-11-11,,,,,,,,,
IDEXX Laboratories Inc.,0.00109515,IDXX,Health Care,936673.0,SPDR® S&P 500® ETF Trust,S27,2022-11-11,,,,,,,,,
Fortinet Inc.,0.00109508,FTNT,Information Technology,7363285.0,SPDR® S&P 500® ETF Trust,S27,2022-11-11,,,,,,,,,
Xcel Energy Inc.,0.00109267,XEL,Utilities,6110357.0,SPDR® S&P 500® ETF Trust,S27,2022-11-11,,,,,,,,,
Nucor Corporation,0.001083,NUE,Materials,2945675.0,SPDR® S&P 500® ETF Trust,S27,2022-11-11,,,,,,,,,
Ameriprise Financial Inc.,0.0010677,AMP,Financials,1216831.0,SPDR® S&P 500® ETF Trust,S27,2022-11-11,,,,,,,,,
Allstate Corporation,0.0010642400000000002,ALL,Financials,3040799.0,SPDR® S&P 500® ETF Trust,S27,2022-11-11,,,,,,,,,
DuPont de Nemours Inc.,0.00105733,DD,Materials,5635542.0,SPDR® S&P 500® ETF Trust,S27,2022-11-11,,,,,,,,,
PACCAR Inc,0.00105255,PCAR,Industrials,3871067.0,SPDR® S&P 500® ETF Trust,S27,2022-11-11,,,,,,,,,
Yum! Brands Inc.,0.00104569,YUM,Consumer Discretionary,3200028.0,SPDR® S&P 500® ETF Trust,S27,2022-11-11,,,,,,,,,
Cummins Inc.,0.00104216,CMI,Industrials,1584902.0,SPDR® S&P 500® ETF Trust,S27,2022-11-11,,,,,,,,,
Dollar Tree Inc.,0.001042,DLTR,Consumer Discretionary,2374654.0,SPDR® S&P 500® ETF Trust,S27,2022-11-11,,,,,,,,,
Electronic Arts Inc.,0.0010331799999999999,EA,Communication Services,2971407.0,SPDR® S&P 500® ETF Trust,S27,2022-11-11,,,,,,,,,
Halliburton Company,0.00103237,HAL,Energy,10057566.0,SPDR® S&P 500® ETF Trust,S27,2022-11-11,,,,,,,,,
Ross Stores Inc.,0.00100207,ROST,Consumer Discretionary,3932564.0,SPDR® S&P 500® ETF Trust,S27,2022-11-11,,,,,,,,,
Welltower Inc,0.00098862,WELL,Real Estate,5212652.0,SPDR® S&P 500® ETF Trust,S27,2022-11-11,,,,,,,,,
CoStar Group Inc.,0.00098303,CSGP,Industrials,4454970.0,SPDR® S&P 500® ETF Trust,S27,2022-11-11,,,,,,,,,
Mettler-Toledo International Inc.,0.00098134,MTD,Health Care,252921.0,SPDR® S&P 500® ETF Trust,S27,2022-11-11,,,,,,,,,
Bank of New York Mellon Corp,0.00097606,BK,Financials,8274467.0,SPDR® S&P 500® ETF Trust,S27,2022-11-11,,,,,,,,,
ON Semiconductor Corporation,0.0009690500000000001,ON,Information Technology,4873224.0,SPDR® S&P 500® ETF Trust,S27,2022-11-11,,,,,,,,,
Otis Worldwide Corporation,0.00096799,OTIS,Industrials,4721911.0,SPDR® S&P 500® ETF Trust,S27,2022-11-11,,,,,,,,,
ResMed Inc.,0.00096709,RMD,Health Care,1636524.0,SPDR® S&P 500® ETF Trust,S27,2022-11-11,,,,,,,,,
TransDigm Group Incorporated,0.00096262,TDG,Industrials,580134.0,SPDR® S&P 500® ETF Trust,S27,2022-11-11,,,,,,,,,
Hershey Company,0.00095826,HSY,Consumer Staples,1652322.0,SPDR® S&P 500® ETF Trust,S27,2022-11-11,,,,,,,,,
SBA Communications Corp. Class A,0.00095705,SBAC,Real Estate,1212176.0,SPDR® S&P 500® ETF Trust,S27,2022-11-11,,,,,,,,,
Digital Realty Trust Inc.,0.00095587,DLR,Real Estate,3233193.0,SPDR® S&P 500® ETF Trust,S27,2022-11-11,,,,,,,,,
AMETEK Inc.,0.00094798,AME,Industrials,2576760.0,SPDR® S&P 500® ETF Trust,S27,2022-11-11,,,,,,,,,
Keurig Dr Pepper Inc.,0.00094567,KDP,Consumer Staples,9558423.0,SPDR® S&P 500® ETF Trust,S27,2022-11-11,,,,,,,,,
Arista Networks Inc.,0.00094443,ANET,Information Technology,2772784.0,SPDR® S&P 500® ETF Trust,S27,2022-11-11,,,,,,,,,
Rockwell Automation Inc.,0.00093679,ROK,Industrials,1292573.0,SPDR® S&P 500® ETF Trust,S27,2022-11-11,,,,,,,,,
Baker Hughes Company Class A,0.00093552,BKR,Energy,11382310.0,SPDR® S&P 500® ETF Trust,S27,2022-11-11,,,,,,,,,
Consolidated Edison Inc.,0.00093291,ED,Utilities,3950803.0,SPDR® S&P 500® ETF Trust,S27,2022-11-11,,,,,,,,,
Keysight Technologies Inc,0.00092352,KEYS,Information Technology,2024330.0,SPDR® S&P 500® ETF Trust,S27,2022-11-11,,,,,,,,,
VICI Properties Inc,0.0009195200000000001,VICI,Real Estate,10801167.0,SPDR® S&P 500® ETF Trust,S27,2022-11-11,,,,,,,,,
Kroger Co.,0.0009180099999999999,KR,Consumer Staples,7356063.0,SPDR® S&P 500® ETF Trust,S27,2022-11-11,,,,,,,,,
PPG Industries Inc.,0.0009114800000000001,PPG,Materials,2644378.0,SPDR® S&P 500® ETF Trust,S27,2022-11-11,,,,,,,,,
Cognizant Technology Solutions Corporation Class A,0.00090074,CTSH,Information Technology,5819115.0,SPDR® S&P 500® ETF Trust,S27,2022-11-11,,,,,,,,,
T. Rowe Price Group,0.0008960999999999999,TROW,Financials,2536373.0,SPDR® S&P 500® ETF Trust,S27,2022-11-11,,,,,,,,,
Aptiv PLC,0.00089255,APTV,Consumer Discretionary,3015496.0,SPDR® S&P 500® ETF Trust,S27,2022-11-11,,,,,,,,,
Constellation Energy Corporation,0.00088894,CEG,Utilities,3634490.0,SPDR® S&P 500® ETF Trust,S27,2022-11-11,,,,,,,,,
Discover Financial Services,0.0008858199999999999,DFS,Financials,3073384.0,SPDR® S&P 500® ETF Trust,S27,2022-11-11,,,,,,,,,
Fastenal Company,0.00087935,FAST,Industrials,6406962.0,SPDR® S&P 500® ETF Trust,S27,2022-11-11,,,,,,,,,
Kraft Heinz Company,0.0008783,KHC,Consumer Staples,8961411.0,SPDR® S&P 500® ETF Trust,S27,2022-11-11,,,,,,,,,
State Street Corporation,0.0008749999999999999,STT,Financials,4077502.0,SPDR® S&P 500® ETF Trust,S27,2022-11-11,,,,,,,,,
Walgreens Boots Alliance Inc.,0.0008748499999999999,WBA,Consumer Staples,8002456.0,SPDR® S&P 500® ETF Trust,S27,2022-11-11,,,,,,,,,
Diamondback Energy Inc.,0.0008707,FANG,Energy,1999490.0,SPDR® S&P 500® ETF Trust,S27,2022-11-11,,,,,,,,,
M&T Bank Corporation,0.0008702100000000001,MTB,Financials,1976108.0,SPDR® S&P 500® ETF Trust,S27,2022-11-11,,,,,,,,,
Public Service Enterprise Group Inc,0.00087011,PEG,Utilities,5633743.0,SPDR® S&P 500® ETF Trust,S27,2022-11-11,,,,,,,,,
WEC Energy Group Inc,0.0008679,WEC,Utilities,3516457.0,SPDR® S&P 500® ETF Trust,S27,2022-11-11,,,,,,,,,
Global Payments Inc.,0.00086233,GPN,Information Technology,3117999.0,SPDR® S&P 500® ETF Trust,S27,2022-11-11,,,,,,,,,
Old Dominion Freight Line Inc.,0.0008576300000000001,ODFL,Industrials,1030472.0,SPDR® S&P 500® ETF Trust,S27,2022-11-11,,,,,,,,,
ONEOK Inc.,0.0008512799999999999,OKE,Energy,4969630.0,SPDR® S&P 500® ETF Trust,S27,2022-11-11,,,,,,,,,
Verisk Analytics Inc,0.00083412,VRSK,Industrials,1765911.0,SPDR® S&P 500® ETF Trust,S27,2022-11-11,,,,,,,,,
HP Inc.,0.00082877,HPQ,Information Technology,10238630.0,SPDR® S&P 500® ETF Trust,S27,2022-11-11,,,,,,,,,
Baxter International Inc.,0.0008212600000000001,BAX,Health Care,5647890.0,SPDR® S&P 500® ETF Trust,S27,2022-11-11,,,,,,,,,
Eversource Energy,0.0008064000000000001,ES,Utilities,3897381.0,SPDR® S&P 500® ETF Trust,S27,2022-11-11,,,,,,,,,
Republic Services Inc.,0.00080249,RSG,Industrials,2310925.0,SPDR® S&P 500® ETF Trust,S27,2022-11-11,,,,,,,,,
D.R. Horton Inc.,0.0008002199999999999,DHI,Consumer Discretionary,3556482.0,SPDR® S&P 500® ETF Trust,S27,2022-11-11,,,,,,,,,
W.W. Grainger Inc.,0.00079177,GWW,Industrials,509487.0,SPDR® S&P 500® ETF Trust,S27,2022-11-11,,,,,,,,,
Gartner Inc.,0.0007906,IT,Information Technology,890011.0,SPDR® S&P 500® ETF Trust,S27,2022-11-11,,,,,,,,,
American Water Works Company Inc.,0.0007827000000000001,AWK,Utilities,2024139.0,SPDR® S&P 500® ETF Trust,S27,2022-11-11,,,,,,,,,
Corning Inc,0.00077856,GLW,Information Technology,8526989.0,SPDR® S&P 500® ETF Trust,S27,2022-11-11,,,,,,,,,
Copart Inc.,0.0007774399999999999,CPRT,Industrials,4766358.0,SPDR® S&P 500® ETF Trust,S27,2022-11-11,,,,,,,,,
Warner Bros. Discovery Inc. Series A,0.00077454,WBD,Communication Services,24689308.0,SPDR® S&P 500® ETF Trust,S27,2022-11-11,,,,,,,,,
Willis Towers Watson Public Limited Company,0.0007658900000000001,WTW,Financials,1235880.0,SPDR® S&P 500® ETF Trust,S27,2022-11-11,,,,,,,,,
eBay Inc.,0.0007617300000000001,EBAY,Consumer Discretionary,6181249.0,SPDR® S&P 500® ETF Trust,S27,2022-11-11,,,,,,,,,
International Flavors & Fragrances Inc.,0.00075724,IFF,Materials,2842591.0,SPDR® S&P 500® ETF Trust,S27,2022-11-11,,,,,,,,,
CBRE Group Inc. Class A,0.00075432,CBRE,Real Estate,3611479.0,SPDR® S&P 500® ETF Trust,S27,2022-11-11,,,,,,,,,
Genuine Parts Company,0.00075259,GPC,Consumer Discretionary,1596088.0,SPDR® S&P 500® ETF Trust,S27,2022-11-11,,,,,,,,,
Fifth Third Bancorp,0.0007452699999999999,FITB,Financials,7632983.0,SPDR® S&P 500® ETF Trust,S27,2022-11-11,,,,,,,,,
CDW Corp.,0.00073984,CDW,Information Technology,1514664.0,SPDR® S&P 500® ETF Trust,S27,2022-11-11,,,,,,,,,
Weyerhaeuser Company,0.00073239,WY,Real Estate,8353438.0,SPDR® S&P 500® ETF Trust,S27,2022-11-11,,,,,,,,,
United Rentals Inc.,0.0007283000000000001,URI,Industrials,786894.0,SPDR® S&P 500® ETF Trust,S27,2022-11-11,,,,,,,,,
Fortive Corp.,0.00072455,FTV,Industrials,3993833.0,SPDR® S&P 500® ETF Trust,S27,2022-11-11,,,,,,,,,
Raymond James Financial Inc.,0.0007128600000000001,RJF,Financials,2180245.0,SPDR® S&P 500® ETF Trust,S27,2022-11-11,,,,,,,,,
Zimmer Biomet Holdings Inc.,0.00071272,ZBH,Health Care,2327708.0,SPDR® S&P 500® ETF Trust,S27,2022-11-11,,,,,,,,,
Hartford Financial Services Group Inc.,0.00070924,HIG,Financials,3635461.0,SPDR® S&P 500® ETF Trust,S27,2022-11-11,,,,,,,,,
AmerisourceBergen Corporation,0.00070912,ABC,Health Care,1749110.0,SPDR® S&P 500® ETF Trust,S27,2022-11-11,,,,,,,,,
First Republic Bank,0.00070312,FRC,Financials,2055371.0,SPDR® S&P 500® ETF Trust,S27,2022-11-11,,,,,,,,,
Vulcan Materials Company,0.0007015299999999999,VMC,Materials,1479474.0,SPDR® S&P 500® ETF Trust,S27,2022-11-11,,,,,,,,,
PG&E Corporation,0.0006990300000000001,PCG,Utilities,17874158.0,SPDR® S&P 500® ETF Trust,S27,2022-11-11,,,,,,,,,
Equifax Inc.,0.0006983100000000001,EFX,Industrials,1358594.0,SPDR® S&P 500® ETF Trust,S27,2022-11-11,,,,,,,,,
Tractor Supply Company,0.0006916899999999999,TSCO,Consumer Discretionary,1248759.0,SPDR® S&P 500® ETF Trust,S27,2022-11-11,,,,,,,,,
AvalonBay Communities Inc.,0.00068926,AVB,Real Estate,1556687.0,SPDR® S&P 500® ETF Trust,S27,2022-11-11,,,,,,,,,
LyondellBasell Industries NV,0.0006755400000000001,LYB,Materials,2862755.0,SPDR® S&P 500® ETF Trust,S27,2022-11-11,,,,,,,,,
Coterra Energy Inc.,0.0006740100000000001,CTRA,Energy,8941385.0,SPDR® S&P 500® ETF Trust,S27,2022-11-11,,,,,,,,,
Edison International,0.00067161,EIX,Utilities,4233752.0,SPDR® S&P 500® ETF Trust,S27,2022-11-11,,,,,,,,,
Laboratory Corporation of America Holdings,0.00067121,LH,Health Care,1017494.0,SPDR® S&P 500® ETF Trust,S27,2022-11-11,,,,,,,,,
Nasdaq Inc.,0.00067103,NDAQ,Financials,3814112.0,SPDR® S&P 500® ETF Trust,S27,2022-11-11,,,,,,,,,
Southwest Airlines Co.,0.0006704300000000001,LUV,Industrials,6596209.0,SPDR® S&P 500® ETF Trust,S27,2022-11-11,,,,,,,,,
Delta Air Lines Inc.,0.00066992,DAL,Industrials,7134283.0,SPDR® S&P 500® ETF Trust,S27,2022-11-11,,,,,,,,,
Lennar Corporation Class A,0.0006692299999999999,LEN,Consumer Discretionary,2869198.0,SPDR® S&P 500® ETF Trust,S27,2022-11-11,,,,,,,,,
Entergy Corporation,0.00066854,ETR,Utilities,2280739.0,SPDR® S&P 500® ETF Trust,S27,2022-11-11,,,,,,,,,
Ulta Beauty Inc.,0.0006679,ULTA,Consumer Discretionary,585858.0,SPDR® S&P 500® ETF Trust,S27,2022-11-11,,,,,,,,,
Martin Marietta Materials Inc.,0.0006675100000000001,MLM,Materials,695569.0,SPDR® S&P 500® ETF Trust,S27,2022-11-11,,,,,,,,,
Alexandria Real Estate Equities Inc.,0.0006664100000000001,ARE,Real Estate,1665879.0,SPDR® S&P 500® ETF Trust,S27,2022-11-11,,,,,,,,,
Marathon Oil Corporation,0.00066409,MRO,Energy,7622783.0,SPDR® S&P 500® ETF Trust,S27,2022-11-11,,,,,,,,,
Ingersoll Rand Inc.,0.0006617099999999999,IR,Industrials,4515273.0,SPDR® S&P 500® ETF Trust,S27,2022-11-11,,,,,,,,,
ANSYS Inc.,0.00065819,ANSS,Information Technology,971451.0,SPDR® S&P 500® ETF Trust,S27,2022-11-11,,,,,,,,,
Regions Financial Corporation,0.0006568699999999999,RF,Financials,10589976.0,SPDR® S&P 500® ETF Trust,S27,2022-11-11,,,,,,,,,
Principal Financial Group Inc.,0.00065575,PFG,Financials,2605137.0,SPDR® S&P 500® ETF Trust,S27,2022-11-11,,,,,,,,,
DTE Energy Company,0.00065409,DTE,Utilities,2160537.0,SPDR® S&P 500® ETF Trust,S27,2022-11-11,,,,,,,,,
Huntington Bancshares Incorporated,0.00064051,HBAN,Financials,16148165.0,SPDR® S&P 500® ETF Trust,S27,2022-11-11,,,,,,,,,
Ameren Corporation,0.000634,AEE,Utilities,2871813.0,SPDR® S&P 500® ETF Trust,S27,2022-11-11,,,,,,,,,
Equity Residential,0.00063168,EQR,Real Estate,3797493.0,SPDR® S&P 500® ETF Trust,S27,2022-11-11,,,,,,,,,
Extra Space Storage Inc.,0.0006257999999999999,EXR,Real Estate,1491725.0,SPDR® S&P 500® ETF Trust,S27,2022-11-11,,,,,,,,,
McCormick & Company Incorporated,0.00061648,MKC,Consumer Staples,2777469.0,SPDR® S&P 500® ETF Trust,S27,2022-11-11,,,,,,,,,
EPAM Systems Inc.,0.0006160100000000001,EPAM,Information Technology,645397.0,SPDR® S&P 500® ETF Trust,S27,2022-11-11,,,,,,,,,
Arch Capital Group Ltd.,0.0006153900000000001,ACGL,Financials,4091200.0,SPDR® S&P 500® ETF Trust,S27,2022-11-11,,,,,,,,,
FirstEnergy Corp.,0.00061427,FE,Utilities,6107350.0,SPDR® S&P 500® ETF Trust,S27,2022-11-11,,,,,,,,,
Cardinal Health Inc.,0.00061133,CAH,Health Care,3065284.0,SPDR® S&P 500® ETF Trust,S27,2022-11-11,,,,,,,,,
CF Industries Holdings Inc.,0.00061071,CF,Materials,2241687.0,SPDR® S&P 500® ETF Trust,S27,2022-11-11,,,,,,,,,
Quanta Services Inc.,0.00061039,PWR,Industrials,1594585.0,SPDR® S&P 500® ETF Trust,S27,2022-11-11,,,,,,,,,
Citizens Financial Group Inc.,0.00060933,CFG,Financials,5534749.0,SPDR® S&P 500® ETF Trust,S27,2022-11-11,,,,,,,,,
PPL Corporation,0.00060089,PPL,Utilities,8273813.0,SPDR® S&P 500® ETF Trust,S27,2022-11-11,,,,,,,,,
Dover Corporation,0.00059911,DOV,Industrials,1604333.0,SPDR® S&P 500® ETF Trust,S27,2022-11-11,,,,,,,,,
Xylem Inc.,0.0005919499999999999,XYL,Industrials,2009079.0,SPDR® S&P 500® ETF Trust,S27,2022-11-11,,,,,,,,,
Waters Corporation,0.00059185,WAT,Health Care,673116.0,SPDR® S&P 500® ETF Trust,S27,2022-11-11,,,,,,,,,
Hewlett Packard Enterprise Co.,0.00058984,HPE,Information Technology,14559507.0,SPDR® S&P 500® ETF Trust,S27,2022-11-11,,,,,,,,,
Tyson Foods Inc. Class A,0.00058672,TSN,Consumer Staples,3284919.0,SPDR® S&P 500® ETF Trust,S27,2022-11-11,,,,,,,,,
Northern Trust Corporation,0.00057881,NTRS,Financials,2323225.0,SPDR® S&P 500® ETF Trust,S27,2022-11-11,,,,,,,,,
Synchrony Financial,0.0005777299999999999,SYF,Financials,5419976.0,SPDR® S&P 500® ETF Trust,S27,2022-11-11,,,,,,,,,
Teledyne Technologies Incorporated,0.00057033,TDY,Information Technology,521201.0,SPDR® S&P 500® ETF Trust,S27,2022-11-11,,,,,,,,,
Hologic Inc.,0.00056726,HOLX,Health Care,2819619.0,SPDR® S&P 500® ETF Trust,S27,2022-11-11,,,,,,,,,
AES Corporation,0.00055276,AES,Utilities,7429512.0,SPDR® S&P 500® ETF Trust,S27,2022-11-11,,,,,,,,,
Invitation Homes Inc.,0.00055272,INVH,Real Estate,6522939.0,SPDR® S&P 500® ETF Trust,S27,2022-11-11,,,,,,,,,
Molina Healthcare Inc.,0.00055051,MOH,Health Care,654394.0,SPDR® S&P 500® ETF Trust,S27,2022-11-11,,,,,,,,,
West Pharmaceutical Services Inc.,0.00054812,WST,Health Care,824410.0,SPDR® S&P 500® ETF Trust,S27,2022-11-11,,,,,,,,,
Westinghouse Air Brake Technologies Corporation,0.00054801,WAB,Industrials,2046365.0,SPDR® S&P 500® ETF Trust,S27,2022-11-11,,,,,,,,,
KeyCorp,0.00054605,KEY,Financials,10392662.0,SPDR® S&P 500® ETF Trust,S27,2022-11-11,,,,,,,,,
Expeditors International of Washington Inc.,0.0005456500000000001,EXPD,Industrials,1840188.0,SPDR® S&P 500® ETF Trust,S27,2022-11-11,,,,,,,,,
Mid-America Apartment Communities Inc.,0.00054539,MAA,Real Estate,1284237.0,SPDR® S&P 500® ETF Trust,S27,2022-11-11,,,,,,,,,
Mosaic Company,0.00054337,MOS,Materials,3884757.0,SPDR® S&P 500® ETF Trust,S27,2022-11-11,,,,,,,,,
CenterPoint Energy Inc.,0.00054219,CNP,Utilities,7024778.0,SPDR® S&P 500® ETF Trust,S27,2022-11-11,,,,,,,,,
Church & Dwight Co. Inc.,0.0005376700000000001,CHD,Consumer Staples,2724936.0,SPDR® S&P 500® ETF Trust,S27,2022-11-11,,,,,,,,,
PerkinElmer Inc.,0.000536,PKI,Health Care,1410119.0,SPDR® S&P 500® ETF Trust,S27,2022-11-11,,,,,,,,,
Ventas Inc.,0.00053524,VTR,Real Estate,4458383.0,SPDR® S&P 500® ETF Trust,S27,2022-11-11,,,,,,,,,
VeriSign Inc.,0.0005351199999999999,VRSN,Information Technology,1049751.0,SPDR® S&P 500® ETF Trust,S27,2022-11-11,,,,,,,,,
Ball Corporation,0.00053223,BALL,Materials,3535858.0,SPDR® S&P 500® ETF Trust,S27,2022-11-11,,,,,,,,,
Quest Diagnostics Incorporated,0.00052443,DGX,Health Care,1310531.0,SPDR® S&P 500® ETF Trust,S27,2022-11-11,,,,,,,,,
Cincinnati Financial Corporation,0.00052234,CINF,Financials,1790716.0,SPDR® S&P 500® ETF Trust,S27,2022-11-11,,,,,,,,,
Amcor PLC,0.0005218,AMCR,Materials,16918912.0,SPDR® S&P 500® ETF Trust,S27,2022-11-11,,,,,,,,,
Monolithic Power Systems Inc.,0.0005208999999999999,MPWR,Information Technology,499776.0,SPDR® S&P 500® ETF Trust,S27,2022-11-11,,,,,,,,,
Kellogg Company,0.00051765,K,Consumer Staples,2832244.0,SPDR® S&P 500® ETF Trust,S27,2022-11-11,,,,,,,,,
IDEX Corporation,0.0005163899999999999,IEX,Industrials,847067.0,SPDR® S&P 500® ETF Trust,S27,2022-11-11,,,,,,,,,
Darden Restaurants Inc.,0.00051591,DRI,Consumer Discretionary,1379379.0,SPDR® S&P 500® ETF Trust,S27,2022-11-11,,,,,,,,,
Clorox Company,0.0005148500000000001,CLX,Consumer Staples,1369267.0,SPDR® S&P 500® ETF Trust,S27,2022-11-11,,,,,,,,,
STERIS Plc,0.00051203,STE,Health Care,1120023.0,SPDR® S&P 500® ETF Trust,S27,2022-11-11,,,,,,,,,
CMS Energy Corporation,0.00050147,CMS,Utilities,3239662.0,SPDR® S&P 500® ETF Trust,S27,2022-11-11,,,,,,,,,
ABIOMED Inc.,0.0005013299999999999,ABMD,Health Care,505925.0,SPDR® S&P 500® ETF Trust,S27,2022-11-11,,,,,,,,,
Conagra Brands Inc.,0.00049026,CAG,Consumer Staples,5353911.0,SPDR® S&P 500® ETF Trust,S27,2022-11-11,,,,,,,,,
Targa Resources Corp.,0.0004891800000000001,TRGP,Energy,2541606.0,SPDR® S&P 500® ETF Trust,S27,2022-11-11,,,,,,,,,
NetApp Inc.,0.00048633000000000004,NTAP,Information Technology,2497276.0,SPDR® S&P 500® ETF Trust,S27,2022-11-11,,,,,,,,,
Paycom Software Inc.,0.00048371,PAYC,Information Technology,536385.0,SPDR® S&P 500® ETF Trust,S27,2022-11-11,,,,,,,,,
Jacobs Solutions Inc.,0.00048333,J,Industrials,1450963.0,SPDR® S&P 500® ETF Trust,S27,2022-11-11,,,,,,,,,
Broadridge Financial Solutions Inc.,0.00048009,BR,Information Technology,1294331.0,SPDR® S&P 500® ETF Trust,S27,2022-11-11,,,,,,,,,
Take-Two Interactive Software Inc.,0.00047867,TTWO,Communication Services,1766833.0,SPDR® S&P 500® ETF Trust,S27,2022-11-11,,,,,,,,,
SolarEdge Technologies Inc.,0.00047563,SEDG,Information Technology,621329.0,SPDR® S&P 500® ETF Trust,S27,2022-11-11,,,,,,,,,
Align Technology Inc.,0.000475,ALGN,Health Care,818668.0,SPDR® S&P 500® ETF Trust,S27,2022-11-11,,,,,,,,,
APA Corp.,0.00047445,APA,Energy,3672393.0,SPDR® S&P 500® ETF Trust,S27,2022-11-11,,,,,,,,,
Omnicom Group Inc,0.00047280999999999994,OMC,Communication Services,2302243.0,SPDR® S&P 500® ETF Trust,S27,2022-11-11,,,,,,,,,
Cooper Companies Inc.,0.00047156000000000005,COO,Health Care,548758.0,SPDR® S&P 500® ETF Trust,S27,2022-11-11,,,,,,,,,
FMC Corporation,0.00047149000000000003,FMC,Materials,1417353.0,SPDR® S&P 500® ETF Trust,S27,2022-11-11,,,,,,,,,
FactSet Research Systems Inc.,0.00047124,FDS,Financials,422210.0,SPDR® S&P 500® ETF Trust,S27,2022-11-11,,,,,,,,,
EQT Corporation,0.00046378999999999995,EQT,Energy,4107063.0,SPDR® S&P 500® ETF Trust,S27,2022-11-11,,,,,,,,,
Trimble Inc.,0.00046040999999999996,TRMB,Information Technology,2802662.0,SPDR® S&P 500® ETF Trust,S27,2022-11-11,,,,,,,,,
Skyworks Solutions Inc.,0.00046032999999999995,SWKS,Information Technology,1803182.0,SPDR® S&P 500® ETF Trust,S27,2022-11-11,,,,,,,,,
J.B. Hunt Transport Services Inc.,0.00046019999999999996,JBHT,Industrials,936822.0,SPDR® S&P 500® ETF Trust,S27,2022-11-11,,,,,,,,,
Expedia Group Inc.,0.00045790999999999996,EXPE,Consumer Discretionary,1681311.0,SPDR® S&P 500® ETF Trust,S27,2022-11-11,,,,,,,,,
Atmos Energy Corporation,0.0004575,ATO,Utilities,1559908.0,SPDR® S&P 500® ETF Trust,S27,2022-11-11,,,,,,,,,
J.M. Smucker Company,0.00045602999999999996,SJM,Consumer Staples,1206870.0,SPDR® S&P 500® ETF Trust,S27,2022-11-11,,,,,,,,,
Iron Mountain Inc.,0.00045371,IRM,Real Estate,3238813.0,SPDR® S&P 500® ETF Trust,S27,2022-11-11,,,,,,,,,
Teradyne Inc.,0.00045021,TER,Information Technology,1764251.0,SPDR® S&P 500® ETF Trust,S27,2022-11-11,,,,,,,,,
Avery Dennison Corporation,0.00044975,AVY,Materials,923367.0,SPDR® S&P 500® ETF Trust,S27,2022-11-11,,,,,,,,,
Best Buy Co. Inc.,0.0004484,BBY,Consumer Discretionary,2270064.0,SPDR® S&P 500® ETF Trust,S27,2022-11-11,,,,,,,,,
Textron Inc.,0.00044679,TXT,Industrials,2379047.0,SPDR® S&P 500® ETF Trust,S27,2022-11-11,,,,,,,,,
FLEETCOR Technologies Inc.,0.0004465,FLT,Information Technology,843418.0,SPDR® S&P 500® ETF Trust,S27,2022-11-11,,,,,,,,,
Akamai Technologies Inc.,0.00044189,AKAM,Information Technology,1786552.0,SPDR® S&P 500® ETF Trust,S27,2022-11-11,,,,,,,,,
Etsy Inc.,0.00043373,ETSY,Consumer Discretionary,1415557.0,SPDR® S&P 500® ETF Trust,S27,2022-11-11,,,,,,,,,
Garmin Ltd.,0.00043111999999999995,GRMN,Consumer Discretionary,1735410.0,SPDR® S&P 500® ETF Trust,S27,2022-11-11,,,,,,,,,
Match Group Inc.,0.00043082,MTCH,Communication Services,3160952.0,SPDR® S&P 500® ETF Trust,S27,2022-11-11,,,,,,,,,
Incyte Corporation,0.00043058,INCY,Health Care,2096038.0,SPDR® S&P 500® ETF Trust,S27,2022-11-11,,,,,,,,,
United Airlines Holdings Inc.,0.00042447,UAL,Industrials,3583080.0,SPDR® S&P 500® ETF Trust,S27,2022-11-11,,,,,,,,,
W. R. Berkley Corporation,0.00042438999999999997,WRB,Financials,2295686.0,SPDR® S&P 500® ETF Trust,S27,2022-11-11,,,,,,,,,
Las Vegas Sands Corp.,0.00042434,LVS,Consumer Discretionary,3696979.0,SPDR® S&P 500® ETF Trust,S27,2022-11-11,,,,,,,,,
LKQ Corporation,0.00042176,LKQ,Consumer Discretionary,2932023.0,SPDR® S&P 500® ETF Trust,S27,2022-11-11,,,,,,,,,
Leidos Holdings Inc.,0.00042036,LDOS,Industrials,1534620.0,SPDR® S&P 500® ETF Trust,S27,2022-11-11,,,,,,,,,
Pool Corporation,0.00041555,POOL,Consumer Discretionary,446366.0,SPDR® S&P 500® ETF Trust,S27,2022-11-11,,,,,,,,,
NVR Inc.,0.00041403,NVR,Consumer Discretionary,34791.0,SPDR® S&P 500® ETF Trust,S27,2022-11-11,,,,,,,,,
Essex Property Trust Inc.,0.00041369999999999997,ESS,Real Estate,725213.0,SPDR® S&P 500® ETF Trust,S27,2022-11-11,,,,,,,,,
PTC Inc.,0.00041279,PTC,Information Technology,1180976.0,SPDR® S&P 500® ETF Trust,S27,2022-11-11,,,,,,,,,
Howmet Aerospace Inc.,0.00041207,HWM,Industrials,4154986.0,SPDR® S&P 500® ETF Trust,S27,2022-11-11,,,,,,,,,
Hormel Foods Corporation,0.00040888000000000003,HRL,Consumer Staples,3255607.0,SPDR® S&P 500® ETF Trust,S27,2022-11-11,,,,,,,,,
Viatris Inc.,0.00040856999999999997,VTRS,Health Care,13478962.0,SPDR® S&P 500® ETF Trust,S27,2022-11-11,,,,,,,,,
SVB Financial Group,0.00040802,SIVB,Financials,653568.0,SPDR® S&P 500® ETF Trust,S27,2022-11-11,,,,,,,,,
Zebra Technologies Corporation Class A,0.00040657,ZBRA,Information Technology,582598.0,SPDR® S&P 500® ETF Trust,S27,2022-11-11,,,,,,,,,
Kimco Realty Corporation,0.00040548,KIM,Real Estate,6899586.0,SPDR® S&P 500® ETF Trust,S27,2022-11-11,,,,,,,,,
Healthpeak Properties Inc.,0.00040467000000000004,PEAK,Real Estate,6008172.0,SPDR® S&P 500® ETF Trust,S27,2022-11-11,,,,,,,,,
Bio-Techne Corporation,0.0004021,TECH,Health Care,433630.0,SPDR® S&P 500® ETF Trust,S27,2022-11-11,,,,,,,,,
Evergy Inc.,0.00040141000000000005,EVRG,Utilities,2550926.0,SPDR® S&P 500® ETF Trust,S27,2022-11-11,,,,,,,,,
Alliant Energy Corp,0.00039866,LNT,Utilities,2789930.0,SPDR® S&P 500® ETF Trust,S27,2022-11-11,,,,,,,,,
International Paper Company,0.00039486,IP,Materials,4068382.0,SPDR® S&P 500® ETF Trust,S27,2022-11-11,,,,,,,,,
Gen Digital Inc.,0.00039409,GEN,Information Technology,6483673.0,SPDR® S&P 500® ETF Trust,S27,2022-11-11,,,,,,,,,
Tyler Technologies Inc.,0.00039251,TYL,Information Technology,456364.0,SPDR® S&P 500® ETF Trust,S27,2022-11-11,,,,,,,,,
Domino's Pizza Inc.,0.00039173,DPZ,Consumer Discretionary,403379.0,SPDR® S&P 500® ETF Trust,S27,2022-11-11,,,,,,,,,
Brown & Brown Inc.,0.00039129999999999997,BRO,Financials,2605991.0,SPDR® S&P 500® ETF Trust,S27,2022-11-11,,,,,,,,,
Host Hotels & Resorts Inc.,0.00038961999999999997,HST,Real Estate,7922861.0,SPDR® S&P 500® ETF Trust,S27,2022-11-11,,,,,,,,,
Royal Caribbean Group,0.0003819,RCL,Consumer Discretionary,2464698.0,SPDR® S&P 500® ETF Trust,S27,2022-11-11,,,,,,,,,
Nordson Corporation,0.00038040999999999997,NDSN,Industrials,606936.0,SPDR® S&P 500® ETF Trust,S27,2022-11-11,,,,,,,,,
Jack Henry & Associates Inc.,0.00038019999999999997,JKHY,Information Technology,822360.0,SPDR® S&P 500® ETF Trust,S27,2022-11-11,,,,,,,,,
Interpublic Group of Companies Inc.,0.00037765,IPG,Communication Services,4386859.0,SPDR® S&P 500® ETF Trust,S27,2022-11-11,,,,,,,,,
Brown-Forman Corporation Class B,0.00037574000000000006,BF.B,Consumer Staples,2036308.0,SPDR® S&P 500® ETF Trust,S27,2022-11-11,,,,,,,,,
Snap-on Incorporated,0.00037342,SNA,Industrials,601494.0,SPDR® S&P 500® ETF Trust,S27,2022-11-11,,,,,,,,,
Stanley Black & Decker Inc.,0.00037058,SWK,Industrials,1661078.0,SPDR® S&P 500® ETF Trust,S27,2022-11-11,,,,,,,,,
Western Digital Corporation,0.00036868,WDC,Information Technology,3500493.0,SPDR® S&P 500® ETF Trust,S27,2022-11-11,,,,,,,,,
Charles River Laboratories International Inc.,0.00036553000000000003,CRL,Health Care,560161.0,SPDR® S&P 500® ETF Trust,S27,2022-11-11,,,,,,,,,
Camden Property Trust,0.00036476,CPT,Real Estate,1194701.0,SPDR® S&P 500® ETF Trust,S27,2022-11-11,,,,,,,,,
Packaging Corporation of America,0.00036324,PKG,Materials,1058870.0,SPDR® S&P 500® ETF Trust,S27,2022-11-11,,,,,,,,,
Everest Re Group Ltd.,0.00036311000000000004,RE,Financials,443922.0,SPDR® S&P 500® ETF Trust,S27,2022-11-11,,,,,,,,,
C.H. Robinson Worldwide Inc.,0.00036276,CHRW,Industrials,1393347.0,SPDR® S&P 500® ETF Trust,S27,2022-11-11,,,,,,,,,
Cboe Global Markets Inc,0.00036249000000000003,CBOE,Financials,1188613.0,SPDR® S&P 500® ETF Trust,S27,2022-11-11,,,,,,,,,
CarMax Inc.,0.00035854999999999996,KMX,Consumer Discretionary,1814473.0,SPDR® S&P 500® ETF Trust,S27,2022-11-11,,,,,,,,,
MGM Resorts International,0.00035624,MGM,Consumer Discretionary,3670466.0,SPDR® S&P 500® ETF Trust,S27,2022-11-11,,,,,,,,,
UDR Inc.,0.00035596,UDR,Real Estate,3349423.0,SPDR® S&P 500® ETF Trust,S27,2022-11-11,,,,,,,,,
Lamb Weston Holdings Inc.,0.00035053,LW,Consumer Staples,1616522.0,SPDR® S&P 500® ETF Trust,S27,2022-11-11,,,,,,,,,
Masco Corporation,0.00034356999999999996,MAS,Industrials,2537518.0,SPDR® S&P 500® ETF Trust,S27,2022-11-11,,,,,,,,,
Advance Auto Parts Inc.,0.00033654999999999997,AAP,Consumer Discretionary,681466.0,SPDR® S&P 500® ETF Trust,S27,2022-11-11,,,,,,,,,
Seagate Technology Holdings PLC,0.00033229,STX,Information Technology,2194435.0,SPDR® S&P 500® ETF Trust,S27,2022-11-11,,,,,,,,,
Caesars Entertainment Inc,0.00033032,CZR,Consumer Discretionary,2391903.0,SPDR® S&P 500® ETF Trust,S27,2022-11-11,,,,,,,,,
Celanese Corporation,0.00032849,CE,Materials,1121367.0,SPDR® S&P 500® ETF Trust,S27,2022-11-11,,,,,,,,,
Eastman Chemical Company,0.0003276,EMN,Materials,1381602.0,SPDR® S&P 500® ETF Trust,S27,2022-11-11,,,,,,,,,
Loews Corporation,0.00032556,L,Financials,2195321.0,SPDR® S&P 500® ETF Trust,S27,2022-11-11,,,,,,,,,
Live Nation Entertainment Inc.,0.00032481999999999997,LYV,Communication Services,1598341.0,SPDR® S&P 500® ETF Trust,S27,2022-11-11,,,,,,,,,
Henry Schein Inc.,0.00032416,HSIC,Health Care,1555948.0,SPDR® S&P 500® ETF Trust,S27,2022-11-11,,,,,,,,,
Boston Properties Inc.,0.00031919,BXP,Real Estate,1583420.0,SPDR® S&P 500® ETF Trust,S27,2022-11-11,,,,,,,,,
V.F. Corporation,0.00031892,VFC,Consumer Discretionary,3610193.0,SPDR® S&P 500® ETF Trust,S27,2022-11-11,,,,,,,,,
NRG Energy Inc.,0.00031828,NRG,Utilities,2645876.0,SPDR® S&P 500® ETF Trust,S27,2022-11-11,,,,,,,,,
MarketAxess Holdings Inc.,0.00031763,MKTX,Financials,423156.0,SPDR® S&P 500® ETF Trust,S27,2022-11-11,,,,,,,,,
NiSource Inc,0.00031125,NI,Utilities,4551343.0,SPDR® S&P 500® ETF Trust,S27,2022-11-11,,,,,,,,,
PulteGroup Inc.,0.00030586999999999997,PHM,Consumer Discretionary,2601720.0,SPDR® S&P 500® ETF Trust,S27,2022-11-11,,,,,,,,,
Teleflex Incorporated,0.00030316,TFX,Health Care,521232.0,SPDR® S&P 500® ETF Trust,S27,2022-11-11,,,,,,,,,
BorgWarner Inc.,0.0003014,BWA,Consumer Discretionary,2681598.0,SPDR® S&P 500® ETF Trust,S27,2022-11-11,,,,,,,,,
Allegion Public Limited Company,0.0003007,ALLE,Industrials,999267.0,SPDR® S&P 500® ETF Trust,S27,2022-11-11,,,,,,,,,
Carnival Corporation,0.00030019,CCL,Consumer Discretionary,10946656.0,SPDR® S&P 500® ETF Trust,S27,2022-11-11,,,,,,,,,
Ceridian HCM Holding Inc.,0.00029798,CDAY,Information Technology,1722264.0,SPDR® S&P 500® ETF Trust,S27,2022-11-11,,,,,,,,,
Qorvo Inc.,0.00029777,QRVO,Information Technology,1161234.0,SPDR® S&P 500® ETF Trust,S27,2022-11-11,,,,,,,,,
Regency Centers Corporation,0.00029718,REG,Real Estate,1704058.0,SPDR® S&P 500® ETF Trust,S27,2022-11-11,,,,,,,,,
Globe Life Inc.,0.00029601,GL,Financials,1018320.0,SPDR® S&P 500® ETF Trust,S27,2022-11-11,,,,,,,,,
Campbell Soup Company,0.00029548000000000004,CPB,Consumer Staples,2277263.0,SPDR® S&P 500® ETF Trust,S27,2022-11-11,,,,,,,,,
Juniper Networks Inc.,0.00029283,JNPR,Information Technology,3623496.0,SPDR® S&P 500® ETF Trust,S27,2022-11-11,,,,,,,,,
Molson Coors Beverage Company Class B,0.0002906,TAP,Consumer Staples,2113260.0,SPDR® S&P 500® ETF Trust,S27,2022-11-11,,,,,,,,,
Comerica Incorporated,0.00028886,CMA,Financials,1480834.0,SPDR® S&P 500® ETF Trust,S27,2022-11-11,,,,,,,,,
WestRock Company,0.00028521,WRK,Materials,2858285.0,SPDR® S&P 500® ETF Trust,S27,2022-11-11,,,,,,,,,
American Airlines Group Inc.,0.00028426,AAL,Industrials,7210012.0,SPDR® S&P 500® ETF Trust,S27,2022-11-11,,,,,,,,,
Paramount Global Class B,0.00028313000000000004,PARA,Communication Services,5680920.0,SPDR® S&P 500® ETF Trust,S27,2022-11-11,,,,,,,,,
Fox Corporation Class A,0.0002789,FOXA,Communication Services,3448904.0,SPDR® S&P 500® ETF Trust,S27,2022-11-11,,,,,,,,,
Bio-Rad Laboratories Inc. Class A,0.0002768,BIO,Health Care,239784.0,SPDR® S&P 500® ETF Trust,S27,2022-11-11,,,,,,,,,
Rollins Inc.,0.00027444,ROL,Industrials,2490463.0,SPDR® S&P 500® ETF Trust,S27,2022-11-11,,,,,,,,,
Huntington Ingalls Industries Inc.,0.00026986,HII,Industrials,447534.0,SPDR® S&P 500® ETF Trust,S27,2022-11-11,,,,,,,,,
Invesco Ltd.,0.00026807,IVZ,Financials,5117503.0,SPDR® S&P 500® ETF Trust,S27,2022-11-11,,,,,,,,,
Signature Bank,0.00026769,SBNY,Financials,701691.0,SPDR® S&P 500® ETF Trust,S27,2022-11-11,,,,,,,,,
F5 Inc.,0.00026586,FFIV,Information Technology,669338.0,SPDR® S&P 500® ETF Trust,S27,2022-11-11,,,,,,,,,
Robert Half International Inc.,0.00026542,RHI,Industrials,1238999.0,SPDR® S&P 500® ETF Trust,S27,2022-11-11,,,,,,,,,
Tapestry Inc.,0.00026536,TPR,Consumer Discretionary,2831521.0,SPDR® S&P 500® ETF Trust,S27,2022-11-11,,,,,,,,,
Fortune Brands Home & Security Inc.,0.00025924,FBHS,Industrials,1454871.0,SPDR® S&P 500® ETF Trust,S27,2022-11-11,,,,,,,,,
Whirlpool Corporation,0.00025413000000000004,WHR,Consumer Discretionary,612534.0,SPDR® S&P 500® ETF Trust,S27,2022-11-11,,,,,,,,,
Catalent Inc,0.00025046,CTLT,Health Care,2003530.0,SPDR® S&P 500® ETF Trust,S27,2022-11-11,,,,,,,,,
Universal Health Services Inc. Class B,0.00024910000000000004,UHS,Health Care,752099.0,SPDR® S&P 500® ETF Trust,S27,2022-11-11,,,,,,,,,
Zions Bancorporation N.A.,0.00024887,ZION,Financials,1695730.0,SPDR® S&P 500® ETF Trust,S27,2022-11-11,,,,,,,,,
Bath & Body Works Inc.,0.00024473,BBWI,Consumer Discretionary,2565653.0,SPDR® S&P 500® ETF Trust,S27,2022-11-11,,,,,,,,,
Wynn Resorts Limited,0.00024384,WYNN,Consumer Discretionary,1180176.0,SPDR® S&P 500® ETF Trust,S27,2022-11-11,,,,,,,,,
Hasbro Inc.,0.00024106,HAS,Consumer Discretionary,1434797.0,SPDR® S&P 500® ETF Trust,S27,2022-11-11,,,,,,,,,
Pinnacle West Capital Corporation,0.00024009,PNW,Utilities,1264832.0,SPDR® S&P 500® ETF Trust,S27,2022-11-11,,,,,,,,,
A. O. Smith Corporation,0.00022950000000000002,AOS,Industrials,1443631.0,SPDR® S&P 500® ETF Trust,S27,2022-11-11,,,,,,,,,
Pentair plc,0.00022856000000000002,PNR,Industrials,1847513.0,SPDR® S&P 500® ETF Trust,S27,2022-11-11,,,,,,,,,
Sealed Air Corporation,0.00022351,SEE,Materials,1669720.0,SPDR® S&P 500® ETF Trust,S27,2022-11-11,,,,,,,,,
Federal Realty Investment Trust,0.00022347,FRT,Real Estate,782593.0,SPDR® S&P 500® ETF Trust,S27,2022-11-11,,,,,,,,,
Franklin Resources Inc.,0.00022218999999999999,BEN,Financials,3068318.0,SPDR® S&P 500® ETF Trust,S27,2022-11-11,,,,,,,,,
Norwegian Cruise Line Holdings Ltd.,0.00022084,NCLH,Consumer Discretionary,4666652.0,SPDR® S&P 500® ETF Trust,S27,2022-11-11,,,,,,,,,
Generac Holdings Inc.,0.00021276,GNRC,Industrials,703880.0,SPDR® S&P 500® ETF Trust,S27,2022-11-11,,,,,,,,,
News Corporation Class A,0.00020993999999999999,NWSA,Communication Services,4387382.0,SPDR® S&P 500® ETF Trust,S27,2022-11-11,,,,,,,,,
DENTSPLY SIRONA Inc.,0.00020677,XRAY,Health Care,2434921.0,SPDR® S&P 500® ETF Trust,S27,2022-11-11,,,,,,,,,
Assurant Inc.,0.00020341,AIZ,Financials,599050.0,SPDR® S&P 500® ETF Trust,S27,2022-11-11,,,,,,,,,
DXC Technology Co.,0.00020182,DXC,Information Technology,2585547.0,SPDR® S&P 500® ETF Trust,S27,2022-11-11,,,,,,,,,
Organon & Co.,0.00019047999999999998,OGN,Health Care,2840389.0,SPDR® S&P 500® ETF Trust,S27,2022-11-11,,,,,,,,,
Alaska Air Group Inc.,0.00017463,ALK,Industrials,1394899.0,SPDR® S&P 500® ETF Trust,S27,2022-11-11,,,,,,,,,
Lumen Technologies Inc.,0.00017308000000000002,LUMN,Communication Services,10303452.0,SPDR® S&P 500® ETF Trust,S27,2022-11-11,,,,,,,,,
Mohawk Industries Inc.,0.00016814,MHK,Consumer Discretionary,577932.0,SPDR® S&P 500® ETF Trust,S27,2022-11-11,,,,,,,,,
Lincoln National Corporation,0.00016275000000000003,LNC,Financials,1742982.0,SPDR® S&P 500® ETF Trust,S27,2022-11-11,,,,,,,,,
Newell Brands Inc,0.00015877,NWL,Consumer Discretionary,4243864.0,SPDR® S&P 500® ETF Trust,S27,2022-11-11,,,,,,,,,
Ralph Lauren Corporation Class A,0.00013343,RL,Consumer Discretionary,482471.0,SPDR® S&P 500® ETF Trust,S27,2022-11-11,,,,,,,,,
Fox Corporation Class B,0.00012569,FOX,Communication Services,1649414.0,SPDR® S&P 500® ETF Trust,S27,2022-11-11,,,,,,,,,
DISH Network Corporation Class A,0.00012519,DISH,Communication Services,2779381.0,SPDR® S&P 500® ETF Trust,S27,2022-11-11,,,,,,,,,
Vornado Realty Trust,0.00012038,VNO,Real Estate,1763009.0,SPDR® S&P 500® ETF Trust,S27,2022-11-11,,,,,,,,,
DaVita Inc.,0.00011936999999999999,DVA,Health Care,626604.0,SPDR® S&P 500® ETF Trust,S27,2022-11-11,,,,,,,,,
News Corporation Class B,6.666e-05,NWS,Communication Services,1375540.0,SPDR® S&P 500® ETF Trust,S27,2022-11-11,,,,,,,,,
DBS Group Holdings Ltd,0.20140987,D05-SG,Financials,9319444.0,SPDR® Straits Times Index ETF,ES3,2022-11-14,SG1L01001701,6175203,SINGAPORE,Singapore,SGD,34.86,324875817.84,None,SG
Oversea-Chinese Banking Corporation Limited,0.1383262,O39-SG,Financials,18110497.0,SPDR® Straits Times Index ETF,ES3,2022-11-14,SG1S04926220,B0F9V20,SINGAPORE,Singapore,SGD,12.32,223121323.04,None,SG
United Overseas Bank Ltd. (Singapore),0.12330302,U11-SG,Financials,6640695.0,SPDR® Straits Times Index ETF,ES3,2022-11-14,SG1M31001969,6916781,SINGAPORE,Singapore,SGD,29.95,198888815.25,None,SG
Singapore Telecommunications Limited,0.0662469,Z74-SG,Telecommunications,38716233.0,SPDR® Straits Times Index ETF,ES3,2022-11-14,SG1T75931496,B02PY11,SINGAPORE,Singapore,SGD,2.76,106856803.08,None,SG
Jardine Matheson Holdings Limited,0.042143879999999995,J36-SG,Industrials,1014789.0,SPDR® Straits Times Index ETF,ES3,2022-11-14,BMG507361001,6472119,SINGAPORE,Singapore,USD,48.8,67978436.91,None,SG
CapitaLand Integrated Commercial Trust,0.033110759999999996,C38U-SG,Real Estate,26052650.0,SPDR® Straits Times Index ETF,ES3,2022-11-14,SG1M51904654,6420129,SINGAPORE,Singapore,SGD,2.05,53407932.5,None,SG
Keppel Corporation Limited,0.03244834,BN4-SG,Energy,7159980.0,SPDR® Straits Times Index ETF,ES3,2022-11-14,SG1U68934629,B1VQ5C0,SINGAPORE,Singapore,SGD,7.31,52339453.8,None,SG
CapitaLand Ascendas REIT,0.03015186,A17U-SG,Real Estate,17557836.0,SPDR® Straits Times Index ETF,ES3,2022-11-14,SG1M77906915,6563875,SINGAPORE,Singapore,SGD,2.77,48635205.72,None,SG
CapitaLand Investment Limited,0.029147319999999997,9CI-SG,Real Estate,13132647.0,SPDR® Straits Times Index ETF,ES3,2022-11-14,SGXE62145532,BNHXFJ6,SINGAPORE,Singapore,SGD,3.58,47014876.26,None,SG
Wilmar International Limited,0.0273182,F34-SG,Consumer Staples,10826656.0,SPDR® Straits Times Index ETF,ES3,2022-11-14,SG1T56930848,B17KC69,SINGAPORE,Singapore,SGD,4.07,44064489.92,None,SG
Singapore Exchange Ltd.,0.023834599999999997,S68-SG,Financials,4220133.0,SPDR® Straits Times Index ETF,ES3,2022-11-14,SG1J26887955,6303866,SINGAPORE,Singapore,SGD,9.11,38445411.63,None,SG
Singapore Airlines Ltd.,0.022200160000000004,C6L-SG,Consumer Discretionary,6570467.0,SPDR® Straits Times Index ETF,ES3,2022-11-14,SG1V61937297,6811734,SINGAPORE,Singapore,SGD,5.45,35809045.15,None,SG
Hongkong Land Holdings Limited,0.020981939999999998,H78-SG,Real Estate,5720440.0,SPDR® Straits Times Index ETF,ES3,2022-11-14,BMG4587L1090,6434915,SINGAPORE,Singapore,USD,4.31,33844050.83,None,SG
Thai Beverage Public Co. Ltd.,0.01925011,Y92-SG,Consumer Staples,50488768.0,SPDR® Straits Times Index ETF,ES3,2022-11-14,TH0902010014,B15F664,SINGAPORE,Singapore,SGD,0.615,31050592.32,None,SG
Singapore Technologies Engineering Ltd,0.01683011,S63-SG,Industrials,7845987.0,SPDR® Straits Times Index ETF,ES3,2022-11-14,SG1F60858221,6043214,SINGAPORE,Singapore,SGD,3.46,27147115.02,None,SG
Mapletree Logistics Trust,0.01677497,M44U-SG,Real Estate,16498885.0,SPDR® Straits Times Index ETF,ES3,2022-11-14,SG1S03926213,B0D6P43,SINGAPORE,Singapore,SGD,1.64,27058171.4,None,SG
Genting Singapore Limited,0.01563057,G13-SG,Consumer Discretionary,29836973.0,SPDR® Straits Times Index ETF,ES3,2022-11-14,SGXE21576413,BDRTVP2,SINGAPORE,Singapore,SGD,0.845,25212242.18,None,SG
Venture Corporation Limited,0.014810160000000001,V03-SG,Industrials,1347372.0,SPDR® Straits Times Index ETF,ES3,2022-11-14,SG0531000230,6927374,SINGAPORE,Singapore,SGD,17.73,23888905.56,None,SG
SGD CASH,0.014049480000000001,CSHISG,None,22661921.89,SPDR® Straits Times Index ETF,ES3,2022-11-14,None,CSHISG,None,None,SGD,1.0,22661921.89,None,
Mapletree Industrial Trust,0.0136648,ME8U-SG,Real Estate,9583236.0,SPDR® Straits Times Index ETF,ES3,2022-11-14,SG2C32962814,B4LR5Q8,SINGAPORE,Singapore,SGD,2.3,22041442.8,None,SG
Mapletree Pan Asia Commercial Trust,0.012490129999999999,N2IU-SG,Real Estate,11781690.0,SPDR® Straits Times Index ETF,ES3,2022-11-14,SG2D18969584,B5143W8,SINGAPORE,Singapore,SGD,1.71,20146689.9,None,SG
City Developments Limited,0.012194259999999998,C09-SG,Real Estate,2410471.0,SPDR® Straits Times Index ETF,ES3,2022-11-14,SG1R89002252,6197928,SINGAPORE,Singapore,SGD,8.16,19669443.36,None,SG
Yangzijiang Shipbuilding (Holdings) Ltd.,0.01126954,BS6-SG,Industrials,13077602.0,SPDR® Straits Times Index ETF,ES3,2022-11-14,SG1U76934819,B1VT035,SINGAPORE,Singapore,SGD,1.39,18177866.78,None,SG
Frasers Logistics & Commercial Trust,0.01076266,BUOU-SG,Real Estate,14588458.0,SPDR® Straits Times Index ETF,ES3,2022-11-14,SG1CI9000006,BYYFHZ2,SINGAPORE,Singapore,SGD,1.19,17360265.02,None,SG
UOL Group Limited,0.010601020000000001,U14-SG,Real Estate,2537023.0,SPDR® Straits Times Index ETF,ES3,2022-11-14,SG1S83002349,6916844,SINGAPORE,Singapore,SGD,6.74,17099535.02,None,SG
Jardine Cycle & Carriage Limited,0.00961169,C07-SG,Consumer Discretionary,509154.0,SPDR® Straits Times Index ETF,ES3,2022-11-14,SG1B51001017,6242260,SINGAPORE,Singapore,SGD,30.45,15503739.3,None,SG
Sembcorp Industries Ltd.,0.008750860000000001,U96-SG,Utilities,4673913.0,SPDR® Straits Times Index ETF,ES3,2022-11-14,SG1R50925390,B08X163,SINGAPORE,Singapore,SGD,3.02,14115217.26,None,SG
Keppel DC REIT,0.00749113,AJBU-SG,Real Estate,6566986.0,SPDR® Straits Times Index ETF,ES3,2022-11-14,SG1AF6000009,BT9Q186,SINGAPORE,Singapore,SGD,1.84,12083254.24,None,SG
SATS Ltd,0.00552542,S58-SG,Consumer Discretionary,3264671.0,SPDR® Straits Times Index ETF,ES3,2022-11-14,SG1I52882764,6243586,SINGAPORE,Singapore,SGD,2.73,8912551.83,None,SG
Emperador Inc.,0.00373612,EMI-SG,Consumer Staples,12174525.0,SPDR® Straits Times Index ETF,ES3,2022-11-14,PHY2290T1044,BPLG528,SINGAPORE,Singapore,SGD,0.495,6026389.88,None,SG
DFI Retail Group Holdings Limited,0.0032276899999999996,D01-SG,Consumer Staples,1548058.0,SPDR® Straits Times Index ETF,ES3,2022-11-14,BMG2624N1535,6180274,SINGAPORE,Singapore,USD,2.45,5206297.08,None,SG
U.S. Dollar,0.0015901199999999998,CASH_USD,None,1868488.31,SPDR® Straits Times Index ETF,ES3,2022-11-14,None,CASH_USD,None,None,USD,1.0,2564873.9,None,
Singapore Dollar,0.00111593,CASH_SGD,None,1800000.0,SPDR® Straits Times Index ETF,ES3,2022-11-14,None,CASH_SGD,None,None,SGD,1.0,1800000.0,None,
HKD CASH,1.7e-07,CSHIHK,None,1538.22,SPDR® Straits Times Index ETF,ES3,2022-11-14,None,CSHIHK,None,None,HKD,1.0,269.62,None,
UnitedHealth Group Incorporated,0.10195579,UNH,Health Care,5985297.0,SPDR® Dow Jones® Industrial Average ETF Trust,D07,2022-11-11,,,,,,,,,
Goldman Sachs Group Inc.,0.07521894999999999,GS,Financials,5985297.0,SPDR® Dow Jones® Industrial Average ETF Trust,D07,2022-11-11,,,,,,,,,
Home Depot Inc.,0.0615039,HD,Consumer Discretionary,5985297.0,SPDR® Dow Jones® Industrial Average ETF Trust,D07,2022-11-11,,,,,,,,,
Amgen Inc.,0.05566089,AMGN,Health Care,5985297.0,SPDR® Dow Jones® Industrial Average ETF Trust,D07,2022-11-11,,,,,,,,,
McDonald's Corporation,0.05299912,MCD,Consumer Discretionary,5985297.0,SPDR® Dow Jones® Industrial Average ETF Trust,D07,2022-11-11,,,,,,,,,
Microsoft Corporation,0.04825753,MSFT,Information Technology,5985297.0,SPDR® Dow Jones® Industrial Average ETF Trust,D07,2022-11-11,,,,,,,,,
Caterpillar Inc.,0.046183579999999995,CAT,Industrials,5985297.0,SPDR® Dow Jones® Industrial Average ETF Trust,D07,2022-11-11,,,,,,,,,
Honeywell International Inc.,0.04154355,HON,Industrials,5985297.0,SPDR® Dow Jones® Industrial Average ETF Trust,D07,2022-11-11,,,,,,,,,
Visa Inc. Class A,0.040033969999999995,V,Information Technology,5985297.0,SPDR® Dow Jones® Industrial Average ETF Trust,D07,2022-11-11,,,,,,,,,
Chevron Corporation,0.03641334,CVX,Energy,5985297.0,SPDR® Dow Jones® Industrial Average ETF Trust,D07,2022-11-11,,,,,,,,,
Travelers Companies Inc.,0.03548963,TRV,Financials,5985297.0,SPDR® Dow Jones® Industrial Average ETF Trust,D07,2022-11-11,,,,,,,,,
Boeing Company,0.03466161,BA,Industrials,5985297.0,SPDR® Dow Jones® Industrial Average ETF Trust,D07,2022-11-11,,,,,,,,,
Johnson & Johnson,0.03305244,JNJ,Health Care,5985297.0,SPDR® Dow Jones® Industrial Average ETF Trust,D07,2022-11-11,,,,,,,,,
Salesforce Inc.,0.03080272,CRM,Information Technology,5985297.0,SPDR® Dow Jones® Industrial Average ETF Trust,D07,2022-11-11,,,,,,,,,
American Express Company,0.03024811,AXP,Financials,5985297.0,SPDR® Dow Jones® Industrial Average ETF Trust,D07,2022-11-11,,,,,,,,,
Apple Inc.,0.02923456,AAPL,Information Technology,5985297.0,SPDR® Dow Jones® Industrial Average ETF Trust,D07,2022-11-11,,,,,,,,,
International Business Machines Corporation,0.027959329999999998,IBM,Information Technology,5985297.0,SPDR® Dow Jones® Industrial Average ETF Trust,D07,2022-11-11,,,,,,,,,
Walmart Inc.,0.02784412,WMT,Consumer Staples,5985297.0,SPDR® Dow Jones® Industrial Average ETF Trust,D07,2022-11-11,,,,,,,,,
Procter & Gamble Company,0.0275297,PG,Consumer Staples,5985297.0,SPDR® Dow Jones® Industrial Average ETF Trust,D07,2022-11-11,,,,,,,,,
JPMorgan Chase & Co.,0.02642242,JPM,Financials,5985297.0,SPDR® Dow Jones® Industrial Average ETF Trust,D07,2022-11-11,,,,,,,,,
3M Company,0.02596936,MMM,Industrials,5985297.0,SPDR® Dow Jones® Industrial Average ETF Trust,D07,2022-11-11,,,,,,,,,
NIKE Inc. Class B,0.02071807,NKE,Consumer Discretionary,5985297.0,SPDR® Dow Jones® Industrial Average ETF Trust,D07,2022-11-11,,,,,,,,,
Merck & Co. Inc.,0.01913038,MRK,Health Care,5985297.0,SPDR® Dow Jones® Industrial Average ETF Trust,D07,2022-11-11,,,,,,,,,
Walt Disney Company,0.01855428,DIS,Communication Services,5985297.0,SPDR® Dow Jones® Industrial Average ETF Trust,D07,2022-11-11,,,,,,,,,
Coca-Cola Company,0.01197504,KO,Consumer Staples,5985297.0,SPDR® Dow Jones® Industrial Average ETF Trust,D07,2022-11-11,,,,,,,,,
Dow Inc.,0.01037759,DOW,Materials,5985297.0,SPDR® Dow Jones® Industrial Average ETF Trust,D07,2022-11-11,,,,,,,,,
Cisco Systems Inc.,0.00874694,CSCO,Information Technology,5985297.0,SPDR® Dow Jones® Industrial Average ETF Trust,D07,2022-11-11,,,,,,,,,
Walgreens Boots Alliance Inc.,0.00805757,WBA,Consumer Staples,5985297.0,SPDR® Dow Jones® Industrial Average ETF Trust,D07,2022-11-11,,,,,,,,,
Verizon Communications Inc.,0.00747952,VZ,Communication Services,5985297.0,SPDR® Dow Jones® Industrial Average ETF Trust,D07,2022-11-11,,,,,,,,,
Intel Corporation,0.0059426,INTC,Information Technology,5985297.0,SPDR® Dow Jones® Industrial Average ETF Trust,D07,2022-11-11,,,,,,,,,
U.S. Dollar,3.341e-05,CASH_USD,None,1023851.06,SPDR® Dow Jones® Industrial Average ETF Trust,D07,2022-11-11,,,,,,,,,
